{"cameraMode":{"drawMode":0,"name":"Shaded","section":"Shading Mode"},"sceneLighting":false,"audioPlay":false,"sceneViewState":{"showFog":true,"showMaterialUpdate":false,"showSkybox":false,"showFlares":true,"showImageEffects":true,"showParticleSystems":true},"in2DMode":false,"pivot":{"x":0.7322098016738892,"y":1.834885835647583,"z":4.912107944488525},"rotation":{"x":-0.08011716604232788,"y":-0.29728057980537417,"z":0.024912234395742418,"w":-0.951174259185791},"size":5.155184745788574,"orthographic":false}