{"cameraMode":{"drawMode":0,"name":"Shaded","section":"Shading Mode"},"sceneLighting":false,"audioPlay":false,"sceneViewState":{"showFog":true,"showMaterialUpdate":false,"showSkybox":false,"showFlares":true,"showImageEffects":true,"showParticleSystems":true},"in2DMode":false,"pivot":{"x":1.5294795036315919,"y":1.4209280014038087,"z":3.7554116249084474},"rotation":{"x":-0.0005091503262519836,"y":-0.26666608452796938,"z":0.00000996304333966691,"w":-0.9638659358024597},"size":3.9551842212677,"orthographic":false}