{"cameraMode":{"drawMode":0,"name":"Shaded","section":"Shading Mode"},"sceneLighting":false,"audioPlay":false,"sceneViewState":{"showFog":true,"showMaterialUpdate":false,"showSkybox":false,"showFlares":true,"showImageEffects":true,"showParticleSystems":true},"in2DMode":false,"pivot":{"x":1.4755996465682984,"y":1.522012710571289,"z":3.163679599761963},"rotation":{"x":-0.08683671802282334,"y":-0.7347682118415833,"z":0.09558792412281037,"w":-0.6660288572311401},"size":3.184507369995117,"orthographic":false}