{"cameraMode":{"drawMode":0,"name":"Shaded","section":"Shading Mode"},"sceneLighting":false,"audioPlay":false,"sceneViewState":{"showFog":true,"showMaterialUpdate":false,"showSkybox":false,"showFlares":true,"showImageEffects":true,"showParticleSystems":true},"in2DMode":false,"pivot":{"x":-57.5625,"y":99.25462341308594,"z":-368.7769775390625},"rotation":{"x":-0.13165047764778138,"y":0.7684094309806824,"z":-0.16764840483665467,"w":-0.6034145951271057},"size":2.678609848022461,"orthographic":false}