{"cameraMode":{"drawMode":0,"name":"Shaded","section":"Shading Mode"},"sceneLighting":false,"audioPlay":false,"sceneViewState":{"showFog":true,"showMaterialUpdate":false,"showSkybox":false,"showFlares":true,"showImageEffects":true,"showParticleSystems":true},"in2DMode":false,"pivot":{"x":1.4755996465682984,"y":1.522012710571289,"z":3.163679599761963},"rotation":{"x":-0.13165047764778138,"y":0.7684094309806824,"z":-0.16764840483665467,"w":-0.6034145951271057},"size":3.4845073223114015,"orthographic":false}